"DATE","DESCRIPTION","AMOUNT","CHECK #","STATUS"
"09/28/2026","PURCHASE LE BERNARDIN +15550001234  NY CARD0000","-1284.50","","Pending"
"09/28/2026","ONLINE TRANSFER FROM STERLING A PLATINUM SAVINGS","2500.00","","Pending"
"09/28/2026","PURCHASE ASPEN RIDGE HOA -  555-0002222   CO CARD0000","-4850.00","","Pending"
"09/26/2026","PURCHASE                                AUTHORIZED ON   09/25 WHOLEFDS ABC 100 1 EXAMPLE AVE GREENWICH     CT  P000000000000001   CARD 0000","-742.19","","Posted"
"09/25/2026","ONLINE TRANSFER TO STERLING A PLATINUM SAVINGS XXXXXX0000 REF #IB00000001 ON 09/25/26","-25000.00","","Posted"
"09/25/2026","RECURRING PAYMENT             AUTHORIZED ON   09/24 EXAMPLE STREAMING        GREENWICH     CT  S000000000000002   CARD 0000","-84.99","","Posted"
"09/24/2026","ZELLE FROM HARRINGTON CLAIRE ON 09/24 REF #PP0000000001","3400.00","","Posted"
"09/23/2026","NON-WF ATM WITHDRAWAL          AUTHORIZED ON   09/22 500 Example Blvd          GREENWICH     CT  000000000000003   ATM ID 00000000 CARD 0000","-800.00","","Posted"
"09/23/2026","NON-WELLS FARGO ATM TRANSACTION FEE","-5.00","","Posted"
"09/22/2026","PURCHASE                                AUTHORIZED ON   09/21 SUNOCO 00000000          GREENWICH     CT  P000000000000004   CARD 0000","-186.44","","Posted"
"09/20/2026","MOBILE DEPOSIT : REF NUMBER :000000000001","18500.00","","Posted"
"09/18/2026","PURCHASE RETURN               AUTHORIZED ON   09/17 EXAMPLE OUTFITTERS      GREENWICH     CT  S000000000000005   CARD 0000","1275.00","","Posted"
"09/17/2026","ZELLE TO VANCE HOUSEKEEPING ON 09/17 REF #PP0000000002","-1600.00","","Posted"
"09/16/2026","PURCHASE                                AUTHORIZED ON   09/15 WEGMANS # 000            GREENWICH     CT  S000000000000006   CARD 0000","-968.31","","Posted"
"09/15/2026","000000 MERIDIAN CAPITAL PAYROLL    260915 00000           STERLING A ACCOUNTHOLDER","28416.67","","Posted"
"09/14/2026","MONEY TRANSFER                          AUTHORIZED ON   09/13 EXAMPLE MARKETS          EXAMPLE.COM   NY  S000000000000007   CARD 0000","-7500.00","","Posted"
"09/12/2026","PURCHASE                                AUTHORIZED ON   09/11 SELF STORAGE EXAMPLE     555-0003333   CT  S000000000000008   CARD 0000","-465.00","","Posted"
"09/10/2026","CHECK","-12500.00","1042","Posted"
"09/08/2026","PURCHASE                                AUTHORIZED ON   09/07 AMAZON MKTPL EX0000000   AMZN.COM/BILL WA  P000000000000009   CARD 0000","-1342.88","","Posted"
"09/05/2026","ONLINE TRANSFER FROM STERLING A PLATINUM SAVINGS XXXXXX0000 REF #IB00000002 ON 09/05/26","9000.00","","Posted"
"09/01/2026","000000 MERIDIAN CAPITAL PAYROLL    260901 00000           STERLING A ACCOUNTHOLDER","28416.67","","Posted"
"08/31/2026","PURCHASE                                AUTHORIZED ON   08/30 EXAMPLE COFFEE CO       GREENWICH     CT  S000000000000010   CARD 0000","-38.75","","Posted"
"08/31/2026","PURCHASE                                AUTHORIZED ON   08/30 EXAMPLE COFFEE CO       GREENWICH     CT  S000000000000010   CARD 0000","-38.75","","Posted"
